cpf,descricao,valor
991.911.253-47,Investimento em banco,1140287.06
062.413.512-04,Apartamento,213587.58
926.123.495-61,Sítio,972288.88
414.108.256-39,Apartamento,1246931.32
581.993.792-62,Saldo em conta corrente,1151141.39
892.322.626-48,Saldo em conta corrente,466714.76
405.846.237-70,Saldo em conta corrente,1275824.4
935.546.686-40,Trator,763089.78
754.771.769-12,Ouro em barras,779828.96
309.403.122-53,Motocicleta,1378039.01
243.378.205-11,Fazenda,1152736.88
425.153.246-32,Ouro em barras,951422.0
033.694.291-18,Automóvel,25749.48
609.702.454-16,Trator,1271090.72
925.667.426-18,Fazenda,1702862.98
231.215.148-52,Casa,1478885.71
421.592.015-22,Ouro em barras,1603870.01
707.529.729-31,Ouro em barras,1741310.13
633.209.393-28,Ouro em barras,1758762.0
295.250.132-49,Casa,1612952.7
133.126.280-83,Chácara,1427944.42
117.842.555-31,Investimento em banco,1428306.03
146.559.390-17,Motocicleta,61627.55
262.135.609-90,Apartamento,1606713.75
450.382.095-74,Sítio,1662979.0
417.199.919-92,Saldo em conta corrente,67941.84
206.823.450-92,Investimento em banco,1116835.61
493.887.978-67,Chácara,698738.97
599.468.422-74,Título do tesouro,324868.95
115.341.768-51,Sítio,947668.52
609.402.188-80,Título do tesouro,528606.55
311.778.502-57,Sítio,1258214.0
802.748.807-22,Título do tesouro,980304.44
070.776.716-08,Jóias,1740021.84
526.168.273-75,Apartamento,942973.47
024.151.609-09,Ouro em barras,175406.19
968.323.158-39,Saldo em conta corrente,1658617.38
215.091.941-13,Sítio,1766345.31
932.923.851-11,Sítio,301795.0
320.548.523-70,Automóvel,1517940.84
931.875.175-17,Apartamento,904034.11
056.473.741-45,Casa,1374009.22
013.784.214-00,Chácara,1697472.38
814.585.783-08,Automóvel,505170.95
197.665.864-58,Título do tesouro,1173928.6
476.908.863-51,Automóvel,1168457.24
133.702.686-04,Ouro em barras,331547.11
056.838.753-40,Saldo em conta corrente,681413.36
355.736.744-53,Saldo em conta corrente,565930.16
748.951.479-77,Sítio,1515246.87
566.058.542-84,Casa,645386.8
363.143.472-96,Apartamento,784150.48
603.686.417-51,Automóvel,21839.04
483.534.892-96,Fazenda,580711.81
978.478.562-96,Trator,281913.27
931.580.369-59,Sítio,1149130.87
023.874.393-35,Chácara,105075.51
069.131.261-63,Título do tesouro,1486235.81
876.516.937-63,Fazenda,1740866.44
399.161.310-92,Motocicleta,210699.76
155.018.139-31,Trator,1611968.3
098.108.989-45,Saldo em conta corrente,988509.3
959.029.406-67,Título do tesouro,23892.24
860.553.213-20,Chácara,1720111.78
823.944.056-16,Jóias,571740.0
379.281.790-26,Casa,654801.73
476.612.461-40,Título do tesouro,766706.5
709.864.059-02,Automóvel,67792.55
779.811.945-63,Fazenda,154197.8
385.035.747-55,Ouro em barras,955752.9
970.447.733-30,Apartamento,1337887.99
714.417.486-18,Automóvel,447708.22
582.304.754-30,Motocicleta,769780.63
101.418.994-50,Ouro em barras,1057298.59
794.318.094-54,Jóias,1791617.0
247.647.733-50,Apartamento,202367.91
183.210.131-43,Casa,394530.41
635.635.519-93,Casa,1569561.0
065.316.992-80,Saldo em conta corrente,880883.46
152.348.556-79,Motocicleta,1697375.75
929.397.778-47,Sítio,1421571.42
450.253.233-89,Investimento em banco,1576125.89
338.279.934-16,Apartamento,742122.61
434.734.814-65,Apartamento,778892.51
696.150.270-18,Apartamento,1448169.93
815.208.404-59,Título do tesouro,1348887.85
972.984.126-61,Apartamento,719895.38
140.909.099-14,Ouro em barras,732044.38
318.181.887-28,Apartamento,1214157.78
099.790.221-93,Saldo em conta corrente,784710.63
866.454.785-03,Título do tesouro,415316.42
881.166.442-61,Apartamento,1002489.41
235.211.626-91,Fazenda,1791353.19
580.421.270-36,Casa,1338290.16
318.757.288-63,Automóvel,835063.31
108.998.450-84,Apartamento,323645.39
520.388.398-61,Investimento em banco,982661.48
588.841.040-21,Investimento em banco,61888.64
966.892.585-97,Apartamento,459926.47
871.570.484-30,Chácara,758223.0
190.094.660-72,Investimento em banco,633861.97
226.834.800-42,Saldo em conta corrente,1489071.85
680.228.243-30,Título do tesouro,1502371.86
728.160.935-35,Apartamento,501371.89
602.285.989-01,Trator,1325232.0
774.952.677-69,Motocicleta,1336237.44
414.823.142-71,Saldo em conta corrente,1243396.59
426.400.702-22,Título do tesouro,1248104.53
098.101.186-63,Fazenda,48027.68
155.012.800-85,Sítio,1658582.0
894.422.315-47,Trator,1406018.0
213.896.098-57,Apartamento,414132.81
487.511.729-94,Automóvel,1404733.5
350.866.929-65,Ouro em barras,738076.5
509.321.974-03,Investimento em banco,1006546.78
078.649.301-84,Sítio,1604496.37
574.566.858-99,Automóvel,324786.76
921.637.409-34,Saldo em conta corrente,1597587.34
874.173.705-39,Apartamento,1291527.06
667.053.647-12,Trator,1297416.06
675.156.630-25,Apartamento,1115768.77
124.784.172-06,Chácara,381593.52
233.946.653-27,Saldo em conta corrente,1654530.18
402.824.480-62,Apartamento,566472.36
232.320.530-02,Motocicleta,1557137.27
517.973.070-98,Investimento em banco,1193198.61
804.817.394-47,Fazenda,484946.41
709.302.449-33,Saldo em conta corrente,1331647.01
190.868.383-40,Título do tesouro,165648.14
522.085.951-27,Título do tesouro,1652026.65
943.687.831-72,Investimento em banco,175755.15
598.198.295-03,Título do tesouro,978466.62
934.814.285-10,Ouro em barras,1640723.88
337.530.488-67,Automóvel,632199.94
132.177.357-80,Trator,271769.36
383.079.181-69,Trator,359021.57
846.671.521-78,Título do tesouro,299973.34
925.466.364-67,Casa,1700916.74
029.844.341-54,Saldo em conta corrente,1576644.45
033.968.813-36,Título do tesouro,899062.23
667.068.968-93,Investimento em banco,196137.25
878.797.545-47,Investimento em banco,448908.31
423.450.055-59,Jóias,996889.16
213.161.302-66,Automóvel,985698.17
944.779.140-36,Trator,990945.0
870.406.909-94,Casa,1034010.38
946.415.817-73,Casa,364233.24
435.107.574-98,Trator,628052.35
182.135.260-27,Motocicleta,1342370.1
274.957.019-48,Ouro em barras,1085107.32
224.886.454-52,Trator,1586667.0
825.041.099-02,Jóias,1068909.69
341.742.106-85,Casa,1029369.88
654.882.949-41,Título do tesouro,1150206.08
740.399.813-29,Saldo em conta corrente,1247072.39
312.591.899-12,Título do tesouro,1630954.0
087.734.756-52,Fazenda,961094.2
956.365.700-85,Fazenda,494484.86
370.476.503-47,Chácara,1235027.88
618.380.523-85,Apartamento,933941.22
493.695.322-87,Sítio,435278.45
666.979.004-41,Automóvel,972368.21
362.996.233-54,Automóvel,1707673.9
523.323.532-61,Ouro em barras,696981.0
931.193.237-74,Ouro em barras,383010.09
531.179.851-95,Trator,994608.83
634.433.973-86,Investimento em banco,144134.39
825.649.696-00,Apartamento,1436532.22
097.073.003-86,Apartamento,1592964.0
396.593.011-13,Automóvel,574176.09
137.130.666-80,Fazenda,860484.42
496.003.913-26,Automóvel,1138553.0
591.870.097-11,Trator,1322402.45
776.203.728-49,Jóias,1095692.0
149.157.062-20,Fazenda,708186.3
975.559.712-45,Motocicleta,1054421.14
575.312.276-39,Saldo em conta corrente,523139.06
822.288.426-65,Investimento em banco,1543306.18
935.357.530-46,Chácara,1177521.46
345.299.812-62,Investimento em banco,1367291.49
537.054.150-28,Chácara,587896.17
558.207.592-45,Sítio,316592.02
009.343.436-26,Casa,464599.94
250.591.413-93,Trator,457496.96
547.115.788-39,Trator,1528576.04
129.698.651-68,Casa,1090146.19
080.668.946-72,Chácara,263635.01
918.842.971-26,Casa,1302876.0
853.743.930-98,Trator,181962.62
177.838.788-92,Automóvel,434308.03
340.067.512-18,Jóias,311115.71
189.361.051-47,Investimento em banco,1453827.0
609.264.384-84,Investimento em banco,1647092.93
637.963.635-88,Título do tesouro,615730.38
534.804.107-49,Investimento em banco,1448936.97
195.024.931-27,Chácara,1579507.53
350.322.505-87,Apartamento,683180.12
366.443.550-70,Saldo em conta corrente,1330464.75
599.461.559-40,Saldo em conta corrente,994083.3
854.936.403-79,Trator,308648.7
078.683.937-63,Jóias,222405.59
519.835.899-92,Saldo em conta corrente,579461.25
371.467.048-01,Saldo em conta corrente,370362.06
471.875.918-37,Ouro em barras,780557.92
053.902.818-57,Motocicleta,1488866.98
581.831.471-99,Automóvel,191245.97
510.512.430-80,Saldo em conta corrente,1380573.07
338.120.166-77,Investimento em banco,1000111.76
171.985.462-81,Título do tesouro,981210.48
730.009.650-28,Apartamento,450710.71
169.524.532-04,Título do tesouro,43307.38
198.557.175-64,Ouro em barras,1118774.1
403.859.213-95,Casa,336175.16
733.804.256-11,Saldo em conta corrente,1797627.03
249.787.852-33,Apartamento,65714.0
994.712.679-30,Fazenda,1372645.47
427.175.568-23,Saldo em conta corrente,802382.27
584.557.577-91,Casa,1145875.29
919.734.256-36,Saldo em conta corrente,282504.8
773.557.184-51,Título do tesouro,22206.94
626.679.284-48,Investimento em banco,828966.21
892.746.480-95,Apartamento,1277754.2
593.145.548-52,Sítio,229161.78
124.181.694-38,Casa,762432.58
117.018.226-60,Trator,1296382.0
969.849.576-54,Trator,486479.03
722.189.784-37,Jóias,14578.32
211.334.141-65,Título do tesouro,787502.51
966.572.322-45,Automóvel,1090991.43
686.760.809-38,Jóias,722988.88
957.509.740-35,Casa,1421042.56
008.089.909-77,Chácara,818300.02
269.659.223-21,Chácara,1148782.43
094.856.505-16,Casa,1125182.33
632.255.317-05,Casa,1742454.9
991.198.299-45,Trator,1364513.35
862.092.782-36,Casa,192432.1
747.879.916-56,Casa,1797032.62
163.400.593-50,Sítio,1741196.24
886.330.776-41,Sítio,444692.69
433.347.154-91,Casa,1523987.92
051.894.786-86,Chácara,600054.77
694.876.678-23,Motocicleta,1790607.54
641.559.468-71,Ouro em barras,921200.15
496.079.735-72,Motocicleta,1300685.91
484.361.324-20,Título do tesouro,390365.44
396.476.279-81,Fazenda,1107612.51
628.595.324-08,Fazenda,501029.68
307.129.687-46,Ouro em barras,470306.74
952.403.908-29,Investimento em banco,87009.88
640.844.008-56,Apartamento,1484873.0
057.753.054-11,Chácara,763161.67
046.317.546-49,Trator,475141.81
866.615.477-36,Automóvel,14509.4
125.230.450-53,Sítio,188931.0
264.935.630-62,Investimento em banco,1769477.7
175.810.996-32,Chácara,1518952.97
364.303.354-34,Jóias,976079.24
346.330.058-01,Motocicleta,1473456.35
903.933.800-81,Automóvel,1151797.0
625.842.586-72,Automóvel,1298611.08
298.058.972-96,Sítio,1555104.13
155.911.962-24,Ouro em barras,269402.2
900.834.187-05,Ouro em barras,1431629.15
091.107.943-26,Apartamento,504982.31
669.379.042-84,Automóvel,1317731.36
022.042.135-37,Motocicleta,931825.0
844.963.041-18,Chácara,858584.75
062.112.189-56,Sítio,1615231.0
223.738.431-97,Casa,287923.2
380.191.300-65,Título do tesouro,1029422.83
766.746.847-87,Automóvel,678402.24
371.050.401-58,Chácara,1314433.04
316.005.431-22,Automóvel,1698501.46
541.815.447-60,Apartamento,582635.04
720.660.579-36,Saldo em conta corrente,1344921.77
183.195.986-26,Ouro em barras,380730.21
562.567.782-01,Ouro em barras,729749.19
304.127.967-24,Investimento em banco,650071.45
495.471.986-89,Fazenda,1448681.35
521.505.499-89,Apartamento,1015618.57
198.532.693-10,Investimento em banco,175734.88
353.799.064-99,Saldo em conta corrente,1061749.26
596.398.637-70,Fazenda,1653586.24
680.243.164-69,Chácara,1043322.76
912.313.339-35,Jóias,931861.56
692.223.495-91,Sítio,1422307.58
614.513.188-82,Saldo em conta corrente,343691.95
732.478.570-73,Apartamento,185953.17
327.005.650-49,Investimento em banco,667021.97
128.877.538-38,Investimento em banco,1650041.0
275.444.648-01,Fazenda,1517961.16
958.122.456-39,Fazenda,1702447.65
939.177.810-60,Casa,691121.2
713.558.821-61,Motocicleta,1643594.61
635.950.251-91,Motocicleta,1617962.15
200.069.183-76,Motocicleta,1173772.47
929.242.500-28,Automóvel,1614512.55
847.041.384-22,Jóias,1150128.65
299.005.031-13,Investimento em banco,1398476.73
945.313.016-65,Título do tesouro,823419.61
610.416.574-02,Chácara,485915.28
010.784.958-75,Trator,42288.23
021.370.439-53,Apartamento,1223270.73
218.466.426-82,Fazenda,1476698.9
262.110.721-50,Título do tesouro,155804.47
662.069.048-31,Ouro em barras,1713468.38
284.188.192-93,Motocicleta,1477027.94
742.504.768-76,Ouro em barras,1738035.62
546.689.590-57,Fazenda,129945.9
434.538.847-05,Sítio,93200.85
089.793.676-73,Casa,474395.97
586.850.652-74,Trator,899104.38
863.176.640-82,Casa,1585980.71
032.469.185-48,Título do tesouro,1263589.0
991.660.545-99,Trator,1138650.04
487.306.587-70,Fazenda,348256.86
837.038.674-41,Motocicleta,1229627.94
053.750.882-58,Casa,1143110.36
647.049.902-65,Motocicleta,578236.77
397.664.149-27,Ouro em barras,847903.18
002.342.845-67,Automóvel,1433009.02
630.459.020-58,Fazenda,892254.32
278.007.770-87,Ouro em barras,1573290.0
871.812.397-42,Saldo em conta corrente,16608.6
345.759.432-23,Título do tesouro,1146970.0
705.313.914-04,Sítio,622533.52
277.667.938-55,Trator,982499.74
031.209.477-43,Título do tesouro,1198647.86
564.251.317-22,Ouro em barras,1351201.01
192.647.583-13,Fazenda,579034.46
494.340.650-57,Ouro em barras,221582.52
781.583.474-41,Chácara,954823.4
234.760.106-21,Título do tesouro,872224.81
159.920.915-28,Apartamento,542353.92
287.584.958-93,Ouro em barras,1131444.37
590.095.999-87,Saldo em conta corrente,989397.78
099.620.924-77,Fazenda,720829.76
088.151.808-81,Jóias,1229807.57
121.721.324-44,Saldo em conta corrente,1096683.82
956.855.559-75,Ouro em barras,441686.29
919.612.450-16,Apartamento,1782461.02
125.768.706-17,Apartamento,1510667.15
084.851.679-81,Sítio,340594.69
870.413.745-08,Trator,663815.51
437.608.398-09,Ouro em barras,456818.77
049.897.244-41,Chácara,673386.19
963.841.414-34,Jóias,1474280.1
096.139.007-23,Jóias,675383.2
572.554.104-68,Título do tesouro,1034667.47
238.918.468-71,Trator,1127419.64
105.661.913-17,Sítio,638433.95
601.331.453-28,Apartamento,1064374.97
062.050.179-77,Casa,713744.3
218.655.405-93,Automóvel,1588209.96
012.418.738-58,Saldo em conta corrente,712237.11
123.792.105-36,Título do tesouro,142969.78
261.157.066-26,Chácara,283366.16
545.258.288-97,Saldo em conta corrente,122282.08
797.398.369-62,Jóias,1313397.19
683.559.964-82,Jóias,1267638.65
474.701.200-81,Automóvel,1607888.73
194.334.749-59,Jóias,1619380.52
697.989.240-91,Motocicleta,460445.14
798.554.480-93,Ouro em barras,544201.43
717.813.116-22,Jóias,1564965.37
656.494.028-17,Jóias,1102385.63
920.995.300-57,Sítio,1337898.39
332.609.113-64,Chácara,807124.87
598.886.681-16,Sítio,634533.46
172.160.297-24,Sítio,677191.99
352.292.741-56,Investimento em banco,1642223.52
496.190.288-78,Motocicleta,963734.87
551.822.305-90,Sítio,1401915.19
164.658.456-52,Título do tesouro,746995.83
032.963.088-19,Automóvel,1688956.58
952.565.544-38,Chácara,1256761.76
957.998.243-28,Casa,463639.77
823.489.897-84,Apartamento,255397.14
193.469.126-55,Sítio,1686853.1
409.342.710-92,Ouro em barras,597801.65
466.045.513-14,Saldo em conta corrente,372021.19
456.746.015-72,Casa,975666.1
550.581.782-02,Automóvel,466488.38
859.572.371-37,Casa,355278.38
876.304.267-77,Automóvel,1502782.8
646.938.977-55,Motocicleta,567724.51
384.254.386-57,Casa,1254676.72
281.312.323-11,Saldo em conta corrente,1402780.69
634.730.985-11,Saldo em conta corrente,939262.85
852.293.689-44,Casa,1561588.02
639.132.698-70,Fazenda,1250086.08
957.480.696-84,Investimento em banco,95000.15
296.533.543-51,Casa,115269.0
516.555.204-02,Jóias,706649.84
243.208.730-05,Fazenda,523984.0
599.936.183-57,Jóias,516128.62
107.216.632-84,Fazenda,1689127.0
137.433.333-76,Fazenda,1680526.09
247.706.875-16,Chácara,1565152.71
986.529.031-92,Fazenda,853202.77
446.449.989-28,Ouro em barras,631667.58
662.723.586-53,Jóias,906950.7
486.037.205-03,Automóvel,449859.32
976.028.345-67,Sítio,578932.83
161.157.074-19,Sítio,1758495.53
584.921.180-44,Título do tesouro,414297.39
252.029.800-00,Título do tesouro,1091088.43
100.278.505-29,Automóvel,1448074.6
932.933.817-64,Motocicleta,866260.34
517.125.724-44,Trator,248384.9
949.496.999-71,Saldo em conta corrente,1278152.54
933.222.463-41,Fazenda,1085469.11
718.673.240-98,Ouro em barras,1434388.04
577.001.207-17,Investimento em banco,198151.93
878.384.557-96,Fazenda,1265745.94
525.915.279-41,Ouro em barras,385757.34
538.328.305-70,Título do tesouro,426942.75
567.121.239-89,Motocicleta,535991.68
820.678.362-89,Ouro em barras,256253.76
176.259.384-08,Chácara,386457.53
085.992.960-59,Apartamento,1393441.8
333.341.506-95,Sítio,742858.13
298.385.828-59,Jóias,882646.58
026.285.060-20,Investimento em banco,1606643.69
915.758.266-41,Sítio,818965.27
433.086.364-66,Saldo em conta corrente,1303796.7
984.339.847-42,Título do tesouro,1683957.45
834.297.831-65,Motocicleta,140794.06
208.713.718-20,Trator,59694.45
886.881.933-22,Jóias,1530215.23
242.431.223-07,Automóvel,374852.7
621.663.699-06,Sítio,535012.12
738.871.445-37,Investimento em banco,733494.68
389.588.410-89,Fazenda,1278356.04
743.104.504-34,Ouro em barras,1717488.97
412.246.272-01,Fazenda,852287.41
559.038.538-52,Automóvel,1187181.44
345.328.746-09,Investimento em banco,882198.11
217.967.306-51,Sítio,620563.89
735.121.746-14,Trator,508579.0
174.821.506-56,Investimento em banco,1010567.33
764.240.508-58,Automóvel,1181156.88
204.834.559-83,Saldo em conta corrente,1413321.0
738.642.404-61,Trator,880564.67
818.167.354-32,Fazenda,818024.32
045.132.969-10,Título do tesouro,1684881.79
773.998.742-20,Sítio,1305812.83
397.167.188-85,Apartamento,1728726.99
347.142.105-85,Casa,535060.02
491.051.421-64,Fazenda,1053153.78
717.384.810-02,Automóvel,1347283.51
963.708.905-52,Investimento em banco,1783147.48
927.341.252-67,Trator,1499517.42
855.177.429-02,Investimento em banco,572758.85
908.382.413-65,Investimento em banco,1451343.83
466.680.377-13,Casa,1236075.0
414.130.703-30,Jóias,1525242.87
433.245.099-79,Chácara,206658.95
442.624.806-92,Fazenda,10506.13
414.357.740-05,Ouro em barras,917739.63
826.738.647-74,Saldo em conta corrente,68083.9
197.175.312-48,Ouro em barras,266423.45
927.992.332-71,Sítio,745925.0
735.295.516-97,Jóias,958381.6
528.030.391-49,Automóvel,1184355.66
134.463.481-74,Trator,1277414.61
910.904.942-86,Motocicleta,865290.93
247.794.086-16,Chácara,1392853.0
960.993.279-33,Chácara,739264.42
779.177.470-14,Apartamento,372536.72
045.088.353-92,Título do tesouro,337412.09
860.856.027-93,Trator,1188673.99
839.553.733-81,Fazenda,929156.22
388.146.683-36,Trator,630128.01
595.755.628-87,Trator,917992.71
531.703.490-40,Jóias,212305.56
445.476.577-47,Sítio,515445.42
414.146.243-23,Sítio,575753.8
123.944.312-88,Jóias,1015267.27
288.999.292-38,Fazenda,97479.11
118.021.272-22,Chácara,363919.26
967.583.228-56,Título do tesouro,1157053.73
056.787.091-43,Casa,473586.43
990.968.917-44,Jóias,372942.35
580.664.616-77,Fazenda,498661.88
701.785.240-87,Automóvel,841603.87
955.584.147-81,Ouro em barras,846002.22
699.207.823-45,Saldo em conta corrente,1492979.98
168.839.837-95,Apartamento,1680695.02
011.750.976-60,Investimento em banco,725966.2
163.496.749-51,Chácara,502351.04
233.295.541-83,Apartamento,99912.25
987.233.822-17,Saldo em conta corrente,856332.01
514.369.247-68,Apartamento,16366.61
112.893.525-70,Sítio,1370494.02
069.149.963-73,Sítio,236994.6
451.280.986-58,Chácara,1591633.33
822.849.753-48,Casa,472934.72
403.729.448-91,Investimento em banco,6894.11
323.729.473-53,Saldo em conta corrente,1518204.45
518.140.407-81,Saldo em conta corrente,36884.79
858.385.344-02,Ouro em barras,259404.65
123.876.570-66,Casa,1704831.09
600.213.185-06,Sítio,1173146.6
032.477.632-79,Jóias,138525.15
071.661.842-85,Sítio,1585569.05
690.139.220-55,Motocicleta,250633.96
323.444.711-87,Ouro em barras,1288031.9
227.791.019-17,Motocicleta,483204.46
266.641.272-87,Casa,1382252.0
766.923.897-91,Jóias,231961.2
280.761.027-61,Ouro em barras,307411.09
983.948.625-12,Chácara,1309531.82
683.201.329-59,Investimento em banco,302192.77
070.231.202-28,Chácara,1401347.22
330.501.087-97,Automóvel,1306030.0
186.342.081-99,Saldo em conta corrente,693545.53
750.157.795-58,Investimento em banco,58393.63
540.935.305-52,Trator,413503.68
139.155.016-51,Casa,1363236.15
993.201.416-29,Trator,276057.76
048.955.991-70,Chácara,92204.1
046.982.348-86,Apartamento,1498571.61
717.614.059-03,Fazenda,1382461.47
631.091.229-78,Chácara,436606.25
678.966.308-05,Casa,653880.0
684.723.830-30,Casa,1393620.72
859.128.637-73,Fazenda,1096727.0
460.314.878-91,Chácara,1184560.25
881.120.174-84,Título do tesouro,470692.15
641.256.748-14,Título do tesouro,547278.44
928.482.530-83,Saldo em conta corrente,912505.66
346.937.879-39,Saldo em conta corrente,1062741.99
148.079.051-04,Chácara,778927.5
593.658.809-24,Motocicleta,689210.53
901.808.675-97,Fazenda,102030.22
715.993.022-77,Investimento em banco,1429992.86
210.891.423-29,Motocicleta,1003583.24
033.217.025-65,Motocicleta,1049659.0
184.367.289-41,Fazenda,1544674.85
435.045.283-17,Chácara,1486066.86
380.405.010-93,Investimento em banco,898158.0
724.118.249-75,Fazenda,950467.53
796.828.987-46,Ouro em barras,100760.87
270.828.199-87,Automóvel,1269713.67
263.053.702-87,Automóvel,1497474.76
053.680.547-51,Sítio,980036.01
505.857.538-25,Jóias,602403.36
594.922.732-09,Casa,1216988.18
855.769.455-86,Chácara,1141370.0
076.031.582-03,Trator,1187657.07
014.385.599-18,Chácara,1087797.69
329.533.445-12,Jóias,1356085.42
494.701.147-61,Título do tesouro,1316600.61
017.823.685-97,Motocicleta,1527737.68
812.920.064-77,Investimento em banco,1252107.44
243.869.639-62,Saldo em conta corrente,1707542.32
912.228.602-03,Título do tesouro,927852.1
200.764.320-79,Apartamento,1221187.46
743.003.607-94,Jóias,42966.29
776.032.949-93,Título do tesouro,1479438.9
698.694.396-94,Título do tesouro,197600.51
784.941.323-88,Trator,1734223.73
844.138.596-44,Sítio,928124.84
670.729.706-62,Título do tesouro,1033083.0
150.349.119-83,Ouro em barras,842299.81
846.776.680-82,Sítio,1288794.56
621.333.356-99,Investimento em banco,952111.0
732.547.628-77,Motocicleta,1526266.0
160.568.295-80,Saldo em conta corrente,15291.69
281.233.624-45,Apartamento,330857.89
581.523.904-34,Trator,360805.6
226.547.710-97,Motocicleta,1471669.93
097.208.323-99,Chácara,542544.45
348.499.727-64,Trator,1227907.61
555.373.664-05,Casa,1292411.26
678.422.068-87,Saldo em conta corrente,1300801.17
634.178.124-47,Motocicleta,322216.92
059.273.543-38,Motocicleta,499254.76
334.460.612-37,Apartamento,604432.52
169.032.588-47,Jóias,1582486.62
907.624.482-79,Investimento em banco,1790689.21
815.178.538-79,Apartamento,467248.19
645.883.377-21,Fazenda,1094577.63
091.387.285-24,Investimento em banco,1654481.13
121.236.767-98,Chácara,872718.22
477.961.700-74,Investimento em banco,219853.1
246.471.067-54,Jóias,176121.63
363.839.237-57,Fazenda,1310670.09
129.505.917-75,Investimento em banco,1378508.65
075.927.433-50,Investimento em banco,299101.81
576.734.096-15,Trator,144246.57
250.807.055-32,Casa,2971.91
583.089.789-93,Jóias,1772883.08
078.554.326-93,Sítio,600457.33
790.517.459-95,Fazenda,1624413.63
768.602.174-05,Saldo em conta corrente,1638877.67
326.085.053-21,Ouro em barras,1042403.35
337.797.710-90,Chácara,138296.19
401.692.254-18,Saldo em conta corrente,1483456.25
143.880.593-71,Ouro em barras,1413423.04
258.719.555-08,Apartamento,1399012.0
002.562.419-44,Jóias,124554.51
582.007.642-25,Fazenda,708206.18
937.700.604-58,Casa,1219002.56
981.346.261-87,Motocicleta,251990.25
899.573.593-23,Investimento em banco,911059.0
524.680.397-46,Trator,28940.46
962.562.541-22,Automóvel,1279982.69
989.296.730-02,Fazenda,697010.41
599.934.133-66,Investimento em banco,606781.12
940.649.138-48,Casa,155184.77
762.580.853-91,Casa,1627791.1
017.979.871-78,Apartamento,984823.83
602.391.456-24,Casa,1741211.64
055.077.152-05,Chácara,1351977.83
362.807.436-88,Sítio,739848.96
123.849.691-82,Apartamento,162370.47
339.288.635-03,Sítio,299861.24
464.472.887-36,Automóvel,1624278.21
053.845.066-81,Fazenda,1063518.58
055.079.663-14,Chácara,1497859.91
149.905.626-03,Saldo em conta corrente,1523759.97
435.813.933-78,Sítio,449729.06
405.136.867-48,Trator,1075575.27
161.521.510-65,Casa,1577592.48
221.188.340-14,Ouro em barras,1155695.38
410.182.467-45,Chácara,41475.3
881.458.592-49,Motocicleta,1409713.54
018.828.532-36,Investimento em banco,265853.49
667.581.428-43,Automóvel,1743320.0
302.056.249-85,Sítio,1343817.21
388.430.105-77,Sítio,1057285.25
351.027.600-56,Título do tesouro,1339003.42
247.383.946-95,Motocicleta,45517.42
926.726.469-35,Título do tesouro,290848.53
503.506.648-21,Investimento em banco,1123391.24
451.694.952-39,Sítio,715109.43
983.465.409-75,Casa,181720.47
747.758.495-28,Casa,482219.39
060.884.192-11,Título do tesouro,1305568.88
218.435.824-25,Título do tesouro,1178350.31
178.642.147-89,Apartamento,407077.29
732.473.760-10,Automóvel,1051585.0
920.225.672-52,Título do tesouro,400496.01
579.300.831-85,Chácara,749809.4
091.421.223-79,Fazenda,1416646.87
308.687.836-09,Saldo em conta corrente,390773.68
020.550.023-49,Apartamento,1203047.09
836.355.709-70,Apartamento,311844.09
386.411.492-66,Trator,493966.21
066.384.958-59,Investimento em banco,693482.88
293.869.846-50,Jóias,1340721.7
111.850.017-08,Motocicleta,946332.85
476.395.103-75,Motocicleta,1584791.25
257.416.195-62,Saldo em conta corrente,887669.13
517.409.232-40,Trator,1234813.44
745.242.992-24,Título do tesouro,1552631.0
767.654.930-55,Investimento em banco,1187295.13
642.645.197-59,Chácara,455000.29
581.690.585-69,Investimento em banco,999051.86
060.316.320-08,Motocicleta,613721.88
454.782.051-00,Ouro em barras,128761.62
320.212.366-94,Ouro em barras,1148292.89
949.183.235-03,Saldo em conta corrente,1002942.0
856.493.344-57,Título do tesouro,1167971.74
209.065.215-33,Apartamento,855955.99
433.807.391-31,Ouro em barras,251437.9
956.847.009-40,Saldo em conta corrente,1020321.92
125.561.781-21,Trator,879255.91
962.998.670-18,Casa,1644974.06
499.378.491-40,Sítio,929144.82
108.193.406-29,Sítio,728096.52
590.880.404-55,Título do tesouro,28716.66
028.318.513-91,Saldo em conta corrente,489706.97
903.322.671-11,Investimento em banco,1308536.92
623.385.510-43,Chácara,1762070.32
664.685.480-84,Automóvel,431431.56
576.277.792-97,Sítio,202187.6
762.808.354-53,Saldo em conta corrente,208436.67
477.529.184-68,Fazenda,1219798.0
311.834.422-53,Casa,265145.81
109.342.464-89,Saldo em conta corrente,1701667.21
500.636.110-03,Investimento em banco,1149263.65
096.277.870-14,Investimento em banco,609434.24
657.742.923-31,Ouro em barras,1190927.41
330.646.051-09,Casa,1035862.82
735.868.805-45,Trator,279055.77
392.207.793-95,Chácara,1509981.05
404.229.107-59,Investimento em banco,1621464.26
057.722.758-50,Motocicleta,1780652.18
648.665.802-84,Sítio,1531103.38
461.621.682-74,Apartamento,1278055.11
908.318.178-60,Investimento em banco,941079.17
414.457.929-50,Casa,359159.73
680.935.479-85,Casa,174211.2
877.133.461-26,Motocicleta,1216355.8
678.395.049-26,Motocicleta,575218.25
291.801.317-27,Apartamento,1751516.62
408.499.591-42,Investimento em banco,36694.46
949.306.071-51,Automóvel,1338749.41
364.683.885-21,Trator,1706672.0
750.605.940-78,Investimento em banco,714341.43
532.906.761-44,Fazenda,1094209.65
857.887.955-21,Trator,1586752.75
267.427.130-17,Motocicleta,772254.59
452.022.590-27,Fazenda,386908.81
810.922.572-06,Casa,486920.46
237.010.292-34,Sítio,964645.24
242.475.185-94,Automóvel,1336832.15
121.080.249-68,Ouro em barras,739982.76
449.246.914-52,Jóias,382148.65
042.113.505-44,Automóvel,1477901.67
756.596.008-62,Chácara,1520648.86
922.760.496-41,Casa,973620.5
282.072.803-45,Sítio,853623.0
666.947.261-06,Automóvel,1059813.76
736.617.354-15,Título do tesouro,495458.86
342.968.403-30,Jóias,781234.05
279.660.625-70,Chácara,243107.67
021.527.100-89,Casa,1294126.47
835.658.304-04,Trator,1208571.38
101.850.275-20,Trator,1261815.1
062.661.780-26,Fazenda,623352.0
038.177.362-15,Investimento em banco,1086345.31
546.366.064-42,Investimento em banco,506619.75
717.833.325-00,Ouro em barras,145953.23
246.057.258-73,Título do tesouro,1515745.13
492.689.798-74,Automóvel,691399.93
637.613.579-53,Fazenda,447742.86
533.107.591-37,Apartamento,1149363.02
995.967.996-87,Apartamento,209518.39
388.857.897-69,Casa,788408.36
457.480.068-87,Ouro em barras,950012.72
055.136.881-76,Investimento em banco,1186067.04
958.741.903-91,Saldo em conta corrente,1707168.87
941.829.753-24,Sítio,290809.11
753.532.104-12,Fazenda,474166.93
607.169.613-38,Investimento em banco,1725081.07
984.388.713-86,Investimento em banco,1662651.66
668.564.842-29,Casa,969160.22
683.820.921-53,Apartamento,85138.0
910.701.485-56,Automóvel,362235.58
084.474.710-66,Saldo em conta corrente,856058.86
506.796.634-54,Motocicleta,212410.63
319.017.640-00,Sítio,1403217.79
837.000.289-99,Investimento em banco,1457369.59
086.260.700-91,Saldo em conta corrente,954396.0
058.084.247-67,Sítio,69230.37
032.161.076-13,Título do tesouro,1346370.72
240.348.765-68,Apartamento,962514.02
854.935.579-48,Trator,1661174.38
873.861.213-20,Saldo em conta corrente,1108182.0
778.252.994-47,Jóias,341527.35
353.798.412-28,Chácara,149814.28
054.728.801-69,Saldo em conta corrente,368875.52
942.628.366-38,Investimento em banco,1576869.25
087.352.206-13,Jóias,895589.8
213.573.634-62,Jóias,884772.73
832.371.904-70,Trator,1608464.42
140.077.815-99,Casa,598332.71
592.259.062-05,Casa,1648836.0
265.040.579-80,Saldo em conta corrente,927429.84
281.477.097-06,Fazenda,294669.49
445.920.085-99,Apartamento,548840.98
411.716.016-00,Apartamento,279923.82
916.959.760-35,Trator,1659464.41
780.127.322-22,Automóvel,592158.47
555.194.540-74,Apartamento,683960.5
696.056.867-23,Ouro em barras,830697.18
652.048.206-99,Ouro em barras,1724844.71
611.781.799-30,Título do tesouro,840435.65
607.811.661-58,Automóvel,1678402.56
449.073.163-53,Motocicleta,79924.18
499.529.279-44,Trator,54826.69
193.772.439-97,Sítio,624101.26
872.578.986-75,Ouro em barras,1146577.89
889.565.502-06,Ouro em barras,1556952.94
302.890.161-65,Ouro em barras,1335108.74
725.996.323-49,Chácara,527503.0
114.193.728-09,Apartamento,974326.28
241.228.772-88,Trator,271959.9
960.086.760-79,Título do tesouro,1233134.96
868.307.677-15,Sítio,361039.02
688.447.937-79,Apartamento,1477003.87
697.958.210-67,Chácara,1221919.99
563.423.554-96,Saldo em conta corrente,273439.58
487.380.693-09,Jóias,189546.47
919.078.463-05,Saldo em conta corrente,1670347.03
382.705.229-19,Jóias,124986.15
688.252.360-96,Chácara,1578567.2
984.036.392-31,Investimento em banco,1273186.4
760.839.061-72,Fazenda,65656.17
107.394.826-08,Automóvel,1774569.35
393.560.715-50,Chácara,417669.7
813.038.686-42,Jóias,1459267.39
113.977.201-50,Fazenda,93338.72
758.912.749-36,Chácara,953931.45
413.139.909-83,Investimento em banco,856813.05
741.099.034-72,Título do tesouro,398105.43
377.854.638-25,Sítio,931282.36
413.259.628-81,Apartamento,1004336.7
925.076.924-29,Saldo em conta corrente,1375229.01
168.722.549-90,Saldo em conta corrente,885019.76
056.555.905-17,Chácara,1213778.18
901.252.913-06,Título do tesouro,518417.39
058.255.451-55,Sítio,1625871.15
199.806.320-04,Saldo em conta corrente,631110.06
597.670.462-50,Investimento em banco,322959.47
970.112.239-68,Fazenda,1093159.3
343.449.173-07,Investimento em banco,1707311.54
353.240.822-41,Jóias,1588468.47
813.376.543-13,Apartamento,1768404.69
778.713.212-08,Ouro em barras,585406.0
464.947.996-42,Investimento em banco,1567252.16
531.814.725-80,Casa,580475.71
378.872.466-81,Jóias,309850.48
966.444.304-37,Saldo em conta corrente,453278.98
794.868.075-67,Jóias,1799585.21
877.707.850-05,Saldo em conta corrente,1530427.92
905.706.255-58,Investimento em banco,94404.87
620.720.996-76,Saldo em conta corrente,103703.74
513.843.761-96,Casa,1605010.31
294.723.312-91,Casa,539830.33
043.200.027-37,Casa,1733877.55
213.061.288-02,Automóvel,1681860.17
908.395.616-04,Investimento em banco,380062.8
709.128.451-50,Investimento em banco,1709396.52
477.787.050-23,Trator,512626.87
591.224.596-05,Casa,359384.54
294.507.439-76,Automóvel,1770104.78
581.963.650-31,Apartamento,279790.77
253.251.074-59,Saldo em conta corrente,404585.84
341.346.766-53,Saldo em conta corrente,1380646.2
196.506.206-07,Apartamento,685901.57
276.248.991-66,Chácara,935773.75
173.732.717-11,Trator,716944.04
900.962.402-81,Trator,1100114.65
537.822.645-14,Investimento em banco,1505090.66
729.733.334-37,Motocicleta,1567164.24
435.588.260-53,Saldo em conta corrente,831098.72
779.605.661-42,Trator,476376.69
727.486.022-17,Automóvel,295211.03
477.051.047-03,Motocicleta,510056.94
229.201.732-16,Investimento em banco,742659.13
549.694.998-54,Motocicleta,1444465.86
158.878.258-88,Casa,672802.35
279.021.768-53,Automóvel,156546.78
342.493.893-86,Investimento em banco,21438.79
386.858.264-85,Jóias,257638.83
869.962.176-42,Investimento em banco,306701.33
742.025.528-71,Trator,1165214.2
946.824.293-39,Fazenda,1313941.51
072.464.881-11,Fazenda,1061591.62
799.890.544-00,Chácara,895957.54
436.884.070-85,Automóvel,740210.21
874.331.389-96,Apartamento,1260594.01
164.903.941-94,Motocicleta,55961.19
808.877.321-12,Chácara,888111.96
954.773.370-30,Trator,699448.22
150.480.620-74,Fazenda,1191421.88
545.886.295-46,Saldo em conta corrente,1787640.23
103.298.301-43,Título do tesouro,1250759.54
969.273.932-25,Casa,1087943.28
395.318.797-25,Automóvel,1330991.55
547.762.169-12,Investimento em banco,1220851.96
637.968.764-12,Trator,1222371.01
989.745.785-39,Automóvel,1028453.0
886.974.026-40,Saldo em conta corrente,1414816.07
293.003.023-00,Casa,1237230.74
705.057.575-16,Fazenda,962713.16
160.280.478-21,Motocicleta,1518270.09
633.529.123-44,Título do tesouro,889922.3
276.710.843-25,Chácara,1675156.93
726.795.085-89,Motocicleta,742856.99
386.203.595-83,Ouro em barras,774549.41
743.655.758-82,Trator,406363.09
931.591.460-22,Saldo em conta corrente,390402.03
312.741.655-13,Fazenda,1727497.0
798.625.929-42,Saldo em conta corrente,1159020.79
956.018.460-16,Automóvel,220177.9
799.368.565-60,Apartamento,245147.86
418.559.250-48,Título do tesouro,595044.09
527.489.604-51,Jóias,1198488.11
898.568.846-27,Sítio,1193677.0
712.728.669-91,Automóvel,563202.86
579.758.088-23,Casa,1621672.86
149.778.644-17,Jóias,928142.24
994.279.758-24,Automóvel,1053687.37
157.253.336-93,Apartamento,99667.17
847.874.314-58,Sítio,87895.97
429.799.392-32,Chácara,690494.24
067.461.434-23,Título do tesouro,570765.93
475.324.166-56,Casa,709354.62
529.950.192-38,Motocicleta,1664344.14
451.315.536-13,Trator,136260.05
773.803.682-83,Título do tesouro,1042089.23
403.626.868-18,Ouro em barras,351817.98
898.942.861-08,Investimento em banco,916955.17
175.155.787-36,Título do tesouro,841368.71
479.612.709-94,Jóias,164992.12
850.884.281-80,Sítio,828161.67
123.043.713-69,Saldo em conta corrente,1230793.01
046.570.382-50,Título do tesouro,1428871.25
513.727.302-09,Título do tesouro,1260571.87
706.950.050-86,Chácara,1119805.14
461.402.434-88,Motocicleta,718053.45
520.339.655-09,Trator,1195013.83
324.693.362-44,Saldo em conta corrente,1614203.31
379.026.173-24,Apartamento,1274682.68
211.192.676-42,Sítio,893858.71
736.687.216-20,Motocicleta,970038.33
118.039.267-28,Chácara,204859.88
266.086.631-57,Casa,595718.0
625.354.624-17,Título do tesouro,1463993.93
965.326.589-20,Saldo em conta corrente,1666290.07
597.805.665-30,Casa,8044.98
534.495.734-51,Jóias,1317541.94
523.211.765-98,Apartamento,157125.84
997.798.167-03,Ouro em barras,533405.61
171.144.799-46,Investimento em banco,486696.26
499.726.383-05,Jóias,1741414.89
075.524.835-37,Jóias,696203.0
950.413.921-70,Investimento em banco,901963.0
810.097.588-62,Fazenda,1302817.16
608.414.585-81,Apartamento,1276979.41
703.473.816-26,Ouro em barras,366824.78
535.463.169-39,Título do tesouro,1283416.97
551.603.913-46,Casa,137848.65
700.744.184-03,Ouro em barras,488076.1
418.116.498-13,Apartamento,1701750.05
776.488.886-05,Apartamento,1569286.53
503.608.864-62,Chácara,1025803.36
465.433.028-29,Casa,71283.83
345.660.066-04,Apartamento,1067262.86
350.573.564-93,Jóias,752889.62
044.057.034-30,Sítio,1458623.14
697.001.851-06,Chácara,1793615.02
198.598.113-16,Título do tesouro,1337158.69
231.797.974-90,Casa,786312.91
376.336.902-74,Apartamento,442252.64
383.212.137-49,Saldo em conta corrente,123701.49
539.385.037-93,Saldo em conta corrente,901801.26
672.032.211-86,Motocicleta,1314602.26
839.310.080-66,Jóias,693768.5
413.115.694-55,Saldo em conta corrente,1688517.43
703.201.314-39,Automóvel,1166436.72
746.278.624-49,Ouro em barras,1289745.52
386.537.642-29,Trator,361407.23
428.758.224-25,Investimento em banco,1749310.64
773.816.228-62,Jóias,1651987.02
030.249.632-28,Automóvel,853490.03
014.863.821-44,Título do tesouro,496123.5
427.578.596-45,Sítio,74473.1
612.155.995-82,Apartamento,680940.27
458.338.410-38,Ouro em barras,688278.11
261.679.521-24,Automóvel,1713004.68
412.883.790-11,Apartamento,602438.19
272.031.120-20,Sítio,1742515.9
414.132.486-69,Jóias,1773296.57
395.187.517-41,Automóvel,674043.41
477.976.658-46,Fazenda,696535.9
145.356.853-59,Casa,820676.88
364.578.678-47,Chácara,539630.83
596.741.490-84,Ouro em barras,198378.68
855.274.797-27,Fazenda,682386.0
961.171.906-55,Casa,469643.56
115.553.011-84,Saldo em conta corrente,548788.28
253.681.517-66,Motocicleta,1611147.19
727.100.139-05,Fazenda,1486953.47
801.050.947-36,Investimento em banco,434003.96
968.118.195-07,Ouro em barras,721570.42
068.538.253-87,Trator,1156969.24
257.141.211-96,Chácara,53064.47
382.054.432-13,Chácara,842316.44
932.459.731-15,Motocicleta,1155820.55
795.428.703-62,Automóvel,232533.11
789.975.796-96,Jóias,521274.56
489.724.609-67,Saldo em conta corrente,1471407.72
413.378.437-82,Investimento em banco,758196.38
072.017.765-37,Saldo em conta corrente,1698695.97
029.072.871-29,Trator,1582143.91
781.113.093-37,Investimento em banco,1113258.68
071.586.196-81,Automóvel,1778063.31
474.330.512-21,Sítio,1645670.61
024.514.218-88,Jóias,43454.14
584.980.887-69,Casa,577414.93
428.691.461-64,Automóvel,883083.94
919.715.965-01,Investimento em banco,239114.14
653.515.664-74,Jóias,267749.63
262.987.627-05,Apartamento,323977.2
694.390.336-38,Fazenda,1726936.47
494.949.465-46,Saldo em conta corrente,459530.25
695.538.075-73,Título do tesouro,1253007.49
610.117.996-52,Casa,682654.18
898.261.997-24,Investimento em banco,342480.43
142.385.719-02,Saldo em conta corrente,748240.79
678.154.700-52,Chácara,541687.36
846.294.195-02,Motocicleta,1272453.85
091.421.223-79,Título do tesouro,589894.56
308.687.836-09,Casa,1635431.65
020.550.023-49,Investimento em banco,725436.16
836.355.709-70,Investimento em banco,121913.66
386.411.492-66,Apartamento,402774.31
066.384.958-59,Automóvel,1683033.0
293.869.846-50,Automóvel,857826.47
111.850.017-08,Ouro em barras,1593750.93
476.395.103-75,Ouro em barras,1749660.83
257.416.195-62,Casa,1099666.73
517.409.232-40,Fazenda,737781.62
745.242.992-24,Saldo em conta corrente,661965.5
767.654.930-55,Fazenda,1784356.37
642.645.197-59,Investimento em banco,76946.29
581.690.585-69,Jóias,258845.39
060.316.320-08,Ouro em barras,151222.95
454.782.051-00,Título do tesouro,1485027.07
320.212.366-94,Investimento em banco,474446.45
949.183.235-03,Fazenda,1157665.0
856.493.344-57,Saldo em conta corrente,1727279.63
209.065.215-33,Automóvel,1443332.28
433.807.391-31,Automóvel,944042.13
956.847.009-40,Automóvel,687773.72
125.561.781-21,Chácara,823977.25
962.998.670-18,Automóvel,1486198.62
499.378.491-40,Ouro em barras,1375953.18
108.193.406-29,Título do tesouro,979457.43
590.880.404-55,Investimento em banco,671056.49
028.318.513-91,Saldo em conta corrente,123796.86
903.322.671-11,Chácara,1305086.06
623.385.510-43,Apartamento,267372.66
664.685.480-84,Sítio,256745.41
576.277.792-97,Casa,537172.87
762.808.354-53,Ouro em barras,1747051.17
477.529.184-68,Sítio,319120.24
311.834.422-53,Motocicleta,890250.54
109.342.464-89,Sítio,1596922.22
500.636.110-03,Trator,579341.0
096.277.870-14,Chácara,629131.47
657.742.923-31,Sítio,501616.22
330.646.051-09,Trator,1670447.0
735.868.805-45,Saldo em conta corrente,1440851.72
392.207.793-95,Fazenda,1633473.0
404.229.107-59,Motocicleta,254967.22
057.722.758-50,Motocicleta,1595190.11
648.665.802-84,Saldo em conta corrente,1237289.26
461.621.682-74,Automóvel,507125.54
908.318.178-60,Motocicleta,373074.0
414.457.929-50,Chácara,1439776.88
680.935.479-85,Casa,1161795.21
877.133.461-26,Título do tesouro,826530.44
678.395.049-26,Título do tesouro,1520946.85
291.801.317-27,Jóias,1235549.84
408.499.591-42,Sítio,759321.83
949.306.071-51,Chácara,591169.16
364.683.885-21,Ouro em barras,993258.55
750.605.940-78,Trator,1374973.49
532.906.761-44,Motocicleta,832203.14
857.887.955-21,Saldo em conta corrente,1406518.0
267.427.130-17,Apartamento,1728245.0
452.022.590-27,Fazenda,894961.0
810.922.572-06,Sítio,890896.05
237.010.292-34,Apartamento,191053.54
242.475.185-94,Automóvel,1307515.1
121.080.249-68,Chácara,1773066.89
449.246.914-52,Apartamento,856486.44
042.113.505-44,Motocicleta,297063.7
756.596.008-62,Chácara,1768426.98
922.760.496-41,Jóias,658016.0
282.072.803-45,Apartamento,424192.51
666.947.261-06,Investimento em banco,825772.04
736.617.354-15,Motocicleta,1297591.03
342.968.403-30,Apartamento,1585928.77
279.660.625-70,Chácara,1218304.41
021.527.100-89,Apartamento,1375272.09
835.658.304-04,Automóvel,474322.09
101.850.275-20,Automóvel,988019.66
062.661.780-26,Título do tesouro,1125941.64
038.177.362-15,Chácara,496116.18
546.366.064-42,Investimento em banco,775041.76
717.833.325-00,Apartamento,1101078.91
246.057.258-73,Fazenda,1285200.47
492.689.798-74,Motocicleta,1433199.31
637.613.579-53,Casa,1741583.21
533.107.591-37,Casa,843319.71
995.967.996-87,Automóvel,111102.0
388.857.897-69,Jóias,489921.54
457.480.068-87,Saldo em conta corrente,1074576.89
055.136.881-76,Título do tesouro,315791.76
958.741.903-91,Título do tesouro,728035.65
941.829.753-24,Chácara,725192.19
753.532.104-12,Saldo em conta corrente,278276.35
607.169.613-38,Chácara,1492193.0
984.388.713-86,Motocicleta,1075210.01
668.564.842-29,Chácara,1502175.88
683.820.921-53,Apartamento,1619964.27
910.701.485-56,Fazenda,1191617.0
084.474.710-66,Ouro em barras,676760.51
506.796.634-54,Jóias,1767954.0
319.017.640-00,Sítio,1531397.14
837.000.289-99,Investimento em banco,298747.45
086.260.700-91,Investimento em banco,1252058.85
058.084.247-67,Apartamento,182607.91
032.161.076-13,Ouro em barras,408422.66
240.348.765-68,Trator,542389.1
854.935.579-48,Fazenda,1622512.74
873.861.213-20,Saldo em conta corrente,1141636.99
778.252.994-47,Motocicleta,899573.56
353.798.412-28,Saldo em conta corrente,827215.0
054.728.801-69,Jóias,1419230.65
942.628.366-38,Investimento em banco,247003.03
087.352.206-13,Casa,432765.91
213.573.634-62,Trator,1319122.74
832.371.904-70,Saldo em conta corrente,1154144.82
140.077.815-99,Fazenda,304735.9
592.259.062-05,Investimento em banco,1567621.0
265.040.579-80,Sítio,665143.0
281.477.097-06,Fazenda,46528.21
445.920.085-99,Jóias,786429.44
411.716.016-00,Apartamento,451584.19
916.959.760-35,Motocicleta,899186.77
780.127.322-22,Ouro em barras,1583567.0
555.194.540-74,Investimento em banco,1379073.28
696.056.867-23,Jóias,1782427.92
652.048.206-99,Casa,43169.86
611.781.799-30,Jóias,619560.04
607.811.661-58,Fazenda,1594724.97
449.073.163-53,Investimento em banco,513997.0
499.529.279-44,Jóias,502779.12
193.772.439-97,Apartamento,1664142.6
872.578.986-75,Fazenda,221674.83
889.565.502-06,Trator,1053023.0
302.890.161-65,Apartamento,152371.35
725.996.323-49,Chácara,1559877.2
114.193.728-09,Chácara,324168.19
241.228.772-88,Saldo em conta corrente,420286.61
960.086.760-79,Casa,264397.11
868.307.677-15,Jóias,1722190.35
688.447.937-79,Investimento em banco,1273722.13
697.958.210-67,Casa,462652.0
563.423.554-96,Título do tesouro,543014.0
487.380.693-09,Investimento em banco,808550.04
919.078.463-05,Jóias,940821.98
382.705.229-19,Apartamento,1413994.52
688.252.360-96,Chácara,1624136.58
984.036.392-31,Motocicleta,1450884.79
760.839.061-72,Apartamento,688417.94
107.394.826-08,Fazenda,402961.61
393.560.715-50,Ouro em barras,1100437.15
813.038.686-42,Saldo em conta corrente,1573048.0
113.977.201-50,Sítio,950079.85
758.912.749-36,Sítio,1370651.43
413.139.909-83,Sítio,1456136.81
741.099.034-72,Ouro em barras,1488765.76
377.854.638-25,Sítio,599805.54
413.259.628-81,Chácara,614572.55
925.076.924-29,Trator,1000258.69
168.722.549-90,Título do tesouro,202478.0
056.555.905-17,Investimento em banco,1677668.0
901.252.913-06,Casa,1354291.05
058.255.451-55,Motocicleta,913891.86
199.806.320-04,Trator,344450.64
597.670.462-50,Automóvel,510238.3
970.112.239-68,Trator,1136235.45
343.449.173-07,Ouro em barras,446164.92
353.240.822-41,Automóvel,1529499.3
813.376.543-13,Ouro em barras,522586.43
778.713.212-08,Título do tesouro,495986.12
464.947.996-42,Sítio,1406456.63
531.814.725-80,Sítio,961576.18
378.872.466-81,Casa,293692.05
966.444.304-37,Sítio,405125.29
794.868.075-67,Casa,691066.98
877.707.850-05,Investimento em banco,975463.14
905.706.255-58,Jóias,467448.21
620.720.996-76,Investimento em banco,1374210.77
513.843.761-96,Título do tesouro,1631043.42
294.723.312-91,Apartamento,1490457.0
043.200.027-37,Automóvel,999990.41
213.061.288-02,Jóias,205938.11
908.395.616-04,Automóvel,765644.83
709.128.451-50,Investimento em banco,705238.99
477.787.050-23,Jóias,921428.12
591.224.596-05,Apartamento,341140.77
294.507.439-76,Apartamento,713179.34
581.963.650-31,Jóias,1519803.64
253.251.074-59,Sítio,1628412.59
341.346.766-53,Ouro em barras,1478514.29
196.506.206-07,Sítio,1014648.82
276.248.991-66,Fazenda,1550589.73
173.732.717-11,Apartamento,1047076.3
900.962.402-81,Casa,1573020.71
537.822.645-14,Jóias,1465894.0
729.733.334-37,Investimento em banco,1400870.78
435.588.260-53,Automóvel,1425829.21
779.605.661-42,Trator,542511.52
727.486.022-17,Motocicleta,475039.16
477.051.047-03,Motocicleta,618588.95
229.201.732-16,Investimento em banco,744179.26
549.694.998-54,Jóias,1770790.71
158.878.258-88,Casa,346273.61
279.021.768-53,Casa,723246.49
342.493.893-86,Motocicleta,780404.36
386.858.264-85,Jóias,1245650.59
869.962.176-42,Automóvel,954638.75
742.025.528-71,Chácara,1496419.14
946.824.293-39,Jóias,299967.35
072.464.881-11,Jóias,589162.38
799.890.544-00,Título do tesouro,761978.98
436.884.070-85,Trator,1713849.03
874.331.389-96,Casa,295874.53
164.903.941-94,Chácara,703839.13
808.877.321-12,Motocicleta,74771.21
954.773.370-30,Automóvel,1354098.88
150.480.620-74,Sítio,1629719.37
545.886.295-46,Casa,774391.0
103.298.301-43,Apartamento,1546705.0
969.273.932-25,Chácara,748427.0
395.318.797-25,Automóvel,1446448.19
547.762.169-12,Trator,493385.15
637.968.764-12,Automóvel,1272622.79
989.745.785-39,Casa,1630728.78
886.974.026-40,Investimento em banco,1524737.79
293.003.023-00,Motocicleta,725928.93
705.057.575-16,Automóvel,356437.41
160.280.478-21,Título do tesouro,1710674.3
633.529.123-44,Investimento em banco,281487.13
276.710.843-25,Título do tesouro,914210.41
726.795.085-89,Ouro em barras,1533748.24
386.203.595-83,Sítio,1772429.0
743.655.758-82,Motocicleta,1103818.75
931.591.460-22,Casa,1445422.58
312.741.655-13,Trator,186894.84
798.625.929-42,Fazenda,722526.41
956.018.460-16,Título do tesouro,736568.65
799.368.565-60,Saldo em conta corrente,170383.53
418.559.250-48,Motocicleta,1188265.91
527.489.604-51,Trator,1465745.0
898.568.846-27,Automóvel,1493765.74
712.728.669-91,Saldo em conta corrente,1709770.58
579.758.088-23,Fazenda,693123.15
149.778.644-17,Ouro em barras,474946.53
994.279.758-24,Ouro em barras,69356.97
157.253.336-93,Ouro em barras,1386879.85
847.874.314-58,Fazenda,1172062.74
429.799.392-32,Trator,290928.69
067.461.434-23,Sítio,1761195.28
475.324.166-56,Trator,1095924.77
529.950.192-38,Título do tesouro,1711467.69
451.315.536-13,Ouro em barras,426227.34
773.803.682-83,Automóvel,863259.47
403.626.868-18,Título do tesouro,666661.4
898.942.861-08,Automóvel,384759.23
175.155.787-36,Sítio,442647.07
479.612.709-94,Fazenda,793171.16
850.884.281-80,Fazenda,1057570.85
123.043.713-69,Casa,1213138.0
046.570.382-50,Investimento em banco,955811.58
513.727.302-09,Chácara,102576.38
706.950.050-86,Trator,939996.08
461.402.434-88,Saldo em conta corrente,1241277.97
520.339.655-09,Chácara,934186.12
324.693.362-44,Título do tesouro,1740286.01
379.026.173-24,Jóias,186775.35
211.192.676-42,Fazenda,1512929.49
736.687.216-20,Casa,884206.97
118.039.267-28,Apartamento,170688.03
266.086.631-57,Casa,1160768.0
625.354.624-17,Chácara,71802.15
965.326.589-20,Saldo em conta corrente,891567.71
597.805.665-30,Jóias,27047.1
534.495.734-51,Automóvel,674209.15
523.211.765-98,Saldo em conta corrente,135176.63
997.798.167-03,Automóvel,922884.86
171.144.799-46,Motocicleta,523775.27
499.726.383-05,Automóvel,1746551.49
075.524.835-37,Casa,473861.04
950.413.921-70,Motocicleta,226825.25
810.097.588-62,Casa,941170.01
608.414.585-81,Chácara,533424.97
703.473.816-26,Apartamento,808756.0
535.463.169-39,Automóvel,627821.63
551.603.913-46,Casa,427107.5
700.744.184-03,Sítio,1444334.0
418.116.498-13,Jóias,1473359.32
776.488.886-05,Sítio,756105.29
503.608.864-62,Título do tesouro,1601966.87
465.433.028-29,Motocicleta,1647315.58
345.660.066-04,Saldo em conta corrente,1031611.11
350.573.564-93,Chácara,1740610.88
044.057.034-30,Saldo em conta corrente,1082425.92
697.001.851-06,Ouro em barras,1741663.86
198.598.113-16,Fazenda,436130.02
231.797.974-90,Investimento em banco,1265176.5
376.336.902-74,Motocicleta,413625.68
383.212.137-49,Jóias,1096287.26
539.385.037-93,Apartamento,665620.15
672.032.211-86,Saldo em conta corrente,1482425.43
839.310.080-66,Trator,1682872.82
413.115.694-55,Jóias,1350506.97
703.201.314-39,Apartamento,1729571.64
746.278.624-49,Saldo em conta corrente,1131346.68
386.537.642-29,Chácara,234606.49
428.758.224-25,Título do tesouro,504216.79
773.816.228-62,Saldo em conta corrente,1026963.1
030.249.632-28,Investimento em banco,264839.17
014.863.821-44,Automóvel,848920.0
427.578.596-45,Apartamento,1105271.94
612.155.995-82,Automóvel,1292030.43
458.338.410-38,Motocicleta,295719.33
261.679.521-24,Jóias,1285460.5
412.883.790-11,Ouro em barras,524481.43
272.031.120-20,Ouro em barras,1642814.22
414.132.486-69,Título do tesouro,1264968.93
395.187.517-41,Trator,1407888.67
477.976.658-46,Saldo em conta corrente,1533208.26
145.356.853-59,Casa,1398690.25
364.578.678-47,Título do tesouro,558739.78
596.741.490-84,Motocicleta,898530.1
855.274.797-27,Motocicleta,385974.11
961.171.906-55,Jóias,1733852.93
115.553.011-84,Jóias,893008.43
253.681.517-66,Motocicleta,1241389.06
727.100.139-05,Saldo em conta corrente,337489.54
801.050.947-36,Investimento em banco,376139.18
968.118.195-07,Jóias,265186.47
068.538.253-87,Investimento em banco,681839.61
257.141.211-96,Saldo em conta corrente,788355.79
382.054.432-13,Saldo em conta corrente,1167214.13
932.459.731-15,Jóias,50119.92
795.428.703-62,Apartamento,1796555.0
789.975.796-96,Fazenda,1175348.49
489.724.609-67,Apartamento,1440329.56
413.378.437-82,Chácara,1240016.6
072.017.765-37,Trator,548024.24
029.072.871-29,Casa,498934.35
781.113.093-37,Sítio,960294.6
071.586.196-81,Fazenda,583529.39
474.330.512-21,Motocicleta,438428.96
024.514.218-88,Jóias,234413.76
584.980.887-69,Investimento em banco,620195.71
428.691.461-64,Automóvel,119556.07
919.715.965-01,Ouro em barras,763322.19
091.421.223-79,Automóvel,839142.41
308.687.836-09,Sítio,1393698.0
020.550.023-49,Chácara,231429.34
836.355.709-70,Chácara,322554.07
386.411.492-66,Saldo em conta corrente,1008813.68
066.384.958-59,Investimento em banco,1783596.3
293.869.846-50,Trator,1023224.19
111.850.017-08,Saldo em conta corrente,632242.12
476.395.103-75,Casa,743206.82
257.416.195-62,Título do tesouro,1699641.0
517.409.232-40,Saldo em conta corrente,1614480.48
745.242.992-24,Fazenda,130328.67
767.654.930-55,Investimento em banco,1077200.78
642.645.197-59,Sítio,458674.43
581.690.585-69,Ouro em barras,407844.76
060.316.320-08,Motocicleta,243814.92
454.782.051-00,Motocicleta,266242.98
320.212.366-94,Motocicleta,1399706.35
949.183.235-03,Casa,610505.47
856.493.344-57,Automóvel,1624074.1
209.065.215-33,Sítio,378761.24
433.807.391-31,Saldo em conta corrente,1736765.0
956.847.009-40,Chácara,1268423.81
125.561.781-21,Automóvel,1740087.78
962.998.670-18,Fazenda,716055.21
499.378.491-40,Jóias,1703710.37
108.193.406-29,Ouro em barras,1178128.51
590.880.404-55,Título do tesouro,930381.07
028.318.513-91,Casa,1645432.19
903.322.671-11,Ouro em barras,763038.16
623.385.510-43,Chácara,748851.83
664.685.480-84,Investimento em banco,683462.96
576.277.792-97,Investimento em banco,250606.17
762.808.354-53,Ouro em barras,38814.02
477.529.184-68,Ouro em barras,931148.68
311.834.422-53,Investimento em banco,1629890.84
109.342.464-89,Fazenda,1640101.88
500.636.110-03,Ouro em barras,985952.55
096.277.870-14,Saldo em conta corrente,247308.82
657.742.923-31,Investimento em banco,1047615.79
330.646.051-09,Saldo em conta corrente,1323855.43
735.868.805-45,Motocicleta,728922.42
392.207.793-95,Casa,903204.91
404.229.107-59,Ouro em barras,319657.35
057.722.758-50,Título do tesouro,168567.0
648.665.802-84,Título do tesouro,90423.66
461.621.682-74,Chácara,514717.56
908.318.178-60,Apartamento,1777519.54
414.457.929-50,Fazenda,1538590.0
680.935.479-85,Saldo em conta corrente,1380765.12
877.133.461-26,Casa,480112.3
678.395.049-26,Trator,1028141.65
291.801.317-27,Fazenda,313990.37
408.499.591-42,Fazenda,306451.41
949.306.071-51,Título do tesouro,672143.28
364.683.885-21,Fazenda,696809.57
750.605.940-78,Chácara,781113.34
532.906.761-44,Jóias,101233.32
857.887.955-21,Fazenda,216205.22
267.427.130-17,Investimento em banco,384414.51
452.022.590-27,Trator,542461.57
810.922.572-06,Jóias,292479.23
237.010.292-34,Sítio,771126.68
242.475.185-94,Investimento em banco,542161.3
121.080.249-68,Ouro em barras,142109.31
449.246.914-52,Investimento em banco,1783004.0
042.113.505-44,Trator,1013568.52
756.596.008-62,Saldo em conta corrente,1642582.74
922.760.496-41,Saldo em conta corrente,1792822.38
282.072.803-45,Jóias,79287.89
666.947.261-06,Ouro em barras,318824.92
736.617.354-15,Apartamento,1338691.85
342.968.403-30,Fazenda,1691912.58
279.660.625-70,Trator,553292.67
021.527.100-89,Jóias,992773.04
835.658.304-04,Apartamento,594783.0
101.850.275-20,Casa,155779.04
062.661.780-26,Jóias,1311139.91
038.177.362-15,Automóvel,1365428.54
546.366.064-42,Fazenda,1633840.78
717.833.325-00,Motocicleta,582364.8
246.057.258-73,Título do tesouro,1775145.0
492.689.798-74,Fazenda,722117.85
637.613.579-53,Motocicleta,218372.18
533.107.591-37,Investimento em banco,891415.27
995.967.996-87,Casa,272204.56
388.857.897-69,Saldo em conta corrente,1763345.0
457.480.068-87,Fazenda,1289990.84
055.136.881-76,Ouro em barras,995380.07
958.741.903-91,Trator,294302.51
941.829.753-24,Motocicleta,1221513.88
753.532.104-12,Trator,969365.38
607.169.613-38,Jóias,349047.67
984.388.713-86,Automóvel,1263333.23
668.564.842-29,Motocicleta,1101174.87
683.820.921-53,Saldo em conta corrente,1432793.58
910.701.485-56,Motocicleta,314460.98
084.474.710-66,Saldo em conta corrente,73127.42
506.796.634-54,Casa,1567906.65
319.017.640-00,Motocicleta,1379847.21
837.000.289-99,Automóvel,1221160.28
086.260.700-91,Casa,1059424.04
058.084.247-67,Título do tesouro,417422.76
032.161.076-13,Ouro em barras,1206145.27
240.348.765-68,Casa,1516743.0
854.935.579-48,Trator,1564225.66
873.861.213-20,Automóvel,1118393.86
778.252.994-47,Saldo em conta corrente,1266457.03
353.798.412-28,Casa,1141421.6
054.728.801-69,Trator,942451.53
942.628.366-38,Casa,1741105.09
087.352.206-13,Apartamento,648337.26
213.573.634-62,Trator,1369567.96
832.371.904-70,Fazenda,1467275.77
140.077.815-99,Ouro em barras,1120379.0
592.259.062-05,Título do tesouro,702557.0
265.040.579-80,Sítio,1495294.55
281.477.097-06,Automóvel,79157.97
445.920.085-99,Saldo em conta corrente,648511.77
411.716.016-00,Investimento em banco,1613402.16
916.959.760-35,Apartamento,1222830.27
780.127.322-22,Chácara,982938.3
555.194.540-74,Apartamento,1259904.44
696.056.867-23,Ouro em barras,63292.65
652.048.206-99,Casa,1166508.08
611.781.799-30,Sítio,1042634.68
607.811.661-58,Saldo em conta corrente,1340073.78
449.073.163-53,Saldo em conta corrente,536687.0
499.529.279-44,Chácara,1224322.47
193.772.439-97,Investimento em banco,530675.27
872.578.986-75,Apartamento,183979.45
889.565.502-06,Fazenda,498075.63
302.890.161-65,Trator,356571.44
725.996.323-49,Investimento em banco,816241.47
114.193.728-09,Ouro em barras,528582.67
241.228.772-88,Investimento em banco,366440.94
960.086.760-79,Casa,130212.75
868.307.677-15,Casa,978837.81
688.447.937-79,Saldo em conta corrente,1343465.22
697.958.210-67,Chácara,1155045.36
563.423.554-96,Investimento em banco,613503.99
487.380.693-09,Motocicleta,259332.83
919.078.463-05,Saldo em conta corrente,1332516.98
382.705.229-19,Investimento em banco,1023323.26
688.252.360-96,Automóvel,1738483.69
984.036.392-31,Investimento em banco,1486042.0
760.839.061-72,Investimento em banco,34193.27
107.394.826-08,Motocicleta,648872.61
393.560.715-50,Saldo em conta corrente,615510.84
813.038.686-42,Motocicleta,140146.8
113.977.201-50,Chácara,1108241.45
758.912.749-36,Chácara,1359902.47
413.139.909-83,Automóvel,442342.1
741.099.034-72,Título do tesouro,1574337.01
377.854.638-25,Trator,896653.02
413.259.628-81,Fazenda,1771851.05
925.076.924-29,Casa,1426059.93
168.722.549-90,Fazenda,1582148.0
056.555.905-17,Ouro em barras,309735.6
901.252.913-06,Automóvel,1555991.83
058.255.451-55,Título do tesouro,1599782.81
199.806.320-04,Fazenda,1008070.22
597.670.462-50,Casa,781651.86
970.112.239-68,Investimento em banco,127634.46
343.449.173-07,Investimento em banco,1664317.79
353.240.822-41,Jóias,220265.94
813.376.543-13,Título do tesouro,1615290.83
778.713.212-08,Automóvel,229768.24
464.947.996-42,Trator,1747620.81
531.814.725-80,Saldo em conta corrente,1376920.53
378.872.466-81,Sítio,67703.6
966.444.304-37,Saldo em conta corrente,843807.44
794.868.075-67,Título do tesouro,1630494.9
877.707.850-05,Título do tesouro,224856.67
905.706.255-58,Trator,140409.78
620.720.996-76,Motocicleta,604629.65
513.843.761-96,Sítio,1651865.98
294.723.312-91,Casa,435373.44
043.200.027-37,Ouro em barras,1254907.59
213.061.288-02,Ouro em barras,1051638.66
908.395.616-04,Fazenda,384662.63
709.128.451-50,Saldo em conta corrente,1763846.05
477.787.050-23,Apartamento,329167.02
591.224.596-05,Fazenda,393995.09
294.507.439-76,Sítio,1704747.51
581.963.650-31,Sítio,1483360.62
253.251.074-59,Fazenda,697767.8
341.346.766-53,Apartamento,1660102.59
196.506.206-07,Automóvel,710752.5
276.248.991-66,Casa,505719.11
173.732.717-11,Jóias,661681.66
900.962.402-81,Chácara,135735.33
537.822.645-14,Sítio,382641.19
729.733.334-37,Sítio,716712.51
435.588.260-53,Automóvel,384169.98
779.605.661-42,Apartamento,603340.24
727.486.022-17,Motocicleta,439646.9
477.051.047-03,Trator,955030.52
229.201.732-16,Automóvel,369781.15
549.694.998-54,Trator,1198952.27
158.878.258-88,Jóias,1749200.7
279.021.768-53,Trator,13317.1
342.493.893-86,Chácara,1128627.62
386.858.264-85,Jóias,607050.71
869.962.176-42,Ouro em barras,1296767.89
742.025.528-71,Motocicleta,550401.13
946.824.293-39,Saldo em conta corrente,884435.1
072.464.881-11,Saldo em conta corrente,1455965.34
799.890.544-00,Motocicleta,1198780.9
436.884.070-85,Saldo em conta corrente,834769.0
874.331.389-96,Título do tesouro,1186214.11
164.903.941-94,Motocicleta,1269853.44
808.877.321-12,Apartamento,1123231.88
954.773.370-30,Jóias,281424.86
150.480.620-74,Fazenda,682647.8
545.886.295-46,Saldo em conta corrente,982568.52
103.298.301-43,Ouro em barras,30913.45
969.273.932-25,Motocicleta,1648722.43
395.318.797-25,Chácara,1714303.07
547.762.169-12,Saldo em conta corrente,824131.8
637.968.764-12,Chácara,907714.96
989.745.785-39,Automóvel,184673.89
886.974.026-40,Casa,758725.18
293.003.023-00,Motocicleta,438344.07
705.057.575-16,Título do tesouro,1059460.73
160.280.478-21,Ouro em barras,465422.38
633.529.123-44,Casa,313986.0
276.710.843-25,Título do tesouro,363126.07
726.795.085-89,Investimento em banco,1442086.27
386.203.595-83,Ouro em barras,723679.0
743.655.758-82,Sítio,1148569.15
931.591.460-22,Fazenda,614167.29
312.741.655-13,Motocicleta,1797841.28
798.625.929-42,Fazenda,232723.47
956.018.460-16,Título do tesouro,965270.32
799.368.565-60,Automóvel,70065.07
418.559.250-48,Fazenda,1018947.51
527.489.604-51,Jóias,213300.64
898.568.846-27,Título do tesouro,910080.3
712.728.669-91,Motocicleta,1712219.78
579.758.088-23,Automóvel,1235209.79
149.778.644-17,Motocicleta,624735.15
994.279.758-24,Investimento em banco,16484.81
157.253.336-93,Ouro em barras,799830.86
847.874.314-58,Trator,1689725.0
429.799.392-32,Fazenda,1797553.41
067.461.434-23,Motocicleta,1308588.0
475.324.166-56,Casa,1778268.74
529.950.192-38,Ouro em barras,944823.93
451.315.536-13,Título do tesouro,546849.11
773.803.682-83,Trator,552682.93
403.626.868-18,Chácara,1176098.9
898.942.861-08,Título do tesouro,1075726.38
175.155.787-36,Fazenda,1012582.17
479.612.709-94,Sítio,1359754.09
850.884.281-80,Automóvel,1677240.52
123.043.713-69,Fazenda,171218.09
046.570.382-50,Motocicleta,282877.81
513.727.302-09,Sítio,703895.67
706.950.050-86,Investimento em banco,1466439.62
461.402.434-88,Ouro em barras,1009707.03
520.339.655-09,Título do tesouro,1366220.37
324.693.362-44,Chácara,1291936.69
379.026.173-24,Apartamento,1693987.68
211.192.676-42,Jóias,393084.19
736.687.216-20,Trator,1461392.75
118.039.267-28,Sítio,1126397.07
266.086.631-57,Jóias,1553025.0
625.354.624-17,Sítio,1158074.35
965.326.589-20,Apartamento,253157.45
597.805.665-30,Jóias,253962.67
534.495.734-51,Casa,1364211.0
523.211.765-98,Sítio,105330.32
997.798.167-03,Casa,1683988.36
171.144.799-46,Sítio,269309.8
499.726.383-05,Motocicleta,450547.18
075.524.835-37,Ouro em barras,109978.61
950.413.921-70,Título do tesouro,497533.74
810.097.588-62,Ouro em barras,1120728.0
608.414.585-81,Casa,638214.45
703.473.816-26,Investimento em banco,1175069.95
535.463.169-39,Ouro em barras,664622.8
551.603.913-46,Chácara,723057.85
700.744.184-03,Motocicleta,93412.49
418.116.498-13,Investimento em banco,728666.57
776.488.886-05,Casa,1001888.17
503.608.864-62,Jóias,1208957.64
465.433.028-29,Jóias,1045432.96
345.660.066-04,Título do tesouro,246140.93
350.573.564-93,Automóvel,7379.92
044.057.034-30,Saldo em conta corrente,1413688.06
697.001.851-06,Saldo em conta corrente,1227322.68
198.598.113-16,Casa,1637851.01
231.797.974-90,Apartamento,9182.27
376.336.902-74,Apartamento,635715.18
383.212.137-49,Sítio,768217.26
539.385.037-93,Sítio,1138283.98
672.032.211-86,Automóvel,1795054.5
839.310.080-66,Apartamento,514398.89
413.115.694-55,Investimento em banco,612274.66
703.201.314-39,Automóvel,107698.39
746.278.624-49,Fazenda,550530.26
386.537.642-29,Automóvel,803527.96
428.758.224-25,Trator,610695.92
773.816.228-62,Motocicleta,156240.28
030.249.632-28,Automóvel,664064.06
014.863.821-44,Ouro em barras,1136720.96
427.578.596-45,Investimento em banco,1426747.51
612.155.995-82,Apartamento,252873.86
458.338.410-38,Motocicleta,1458225.25
261.679.521-24,Sítio,418066.54
412.883.790-11,Saldo em conta corrente,1213992.75
272.031.120-20,Automóvel,1582086.37
414.132.486-69,Título do tesouro,1207865.61
395.187.517-41,Sítio,687884.0
477.976.658-46,Apartamento,991750.56
145.356.853-59,Ouro em barras,578983.21
364.578.678-47,Fazenda,1507412.1
596.741.490-84,Sítio,1104229.67
855.274.797-27,Sítio,1753352.62
961.171.906-55,Título do tesouro,1201754.97
115.553.011-84,Casa,73358.59
253.681.517-66,Trator,1736425.07
727.100.139-05,Investimento em banco,1140827.39
801.050.947-36,Motocicleta,158252.0
968.118.195-07,Ouro em barras,1650543.74
068.538.253-87,Motocicleta,858071.27
257.141.211-96,Sítio,1087635.47
382.054.432-13,Jóias,870829.39
932.459.731-15,Casa,181923.43
795.428.703-62,Casa,1410466.77
789.975.796-96,Automóvel,1362391.39
489.724.609-67,Fazenda,990982.0
413.378.437-82,Saldo em conta corrente,270157.46
072.017.765-37,Motocicleta,387112.26
029.072.871-29,Apartamento,609472.8
781.113.093-37,Trator,125430.27
071.586.196-81,Fazenda,1752472.59
474.330.512-21,Apartamento,1649994.0
024.514.218-88,Jóias,1772007.26
584.980.887-69,Apartamento,332316.1
428.691.461-64,Título do tesouro,1375587.89
919.715.965-01,Sítio,1768624.2
091.421.223-79,Chácara,749335.21
308.687.836-09,Ouro em barras,1687071.44
020.550.023-49,Trator,1632797.14
836.355.709-70,Trator,1390724.12
386.411.492-66,Saldo em conta corrente,772819.17
066.384.958-59,Fazenda,386608.55
293.869.846-50,Casa,1080362.14
111.850.017-08,Investimento em banco,828717.67
476.395.103-75,Motocicleta,630567.24
257.416.195-62,Ouro em barras,64545.1
517.409.232-40,Sítio,41459.38
745.242.992-24,Casa,1536924.78
767.654.930-55,Fazenda,381847.36
642.645.197-59,Trator,900016.3
581.690.585-69,Motocicleta,722964.27
060.316.320-08,Sítio,1459791.7
454.782.051-00,Chácara,1576531.02
320.212.366-94,Motocicleta,1226828.69
949.183.235-03,Trator,704892.02
856.493.344-57,Apartamento,1361816.0
209.065.215-33,Sítio,1440810.0
433.807.391-31,Apartamento,122065.15
956.847.009-40,Jóias,1166686.25
125.561.781-21,Jóias,202088.76
962.998.670-18,Casa,1748214.45
499.378.491-40,Sítio,1251432.39
108.193.406-29,Trator,141732.26
590.880.404-55,Título do tesouro,6982.03
028.318.513-91,Motocicleta,849179.24
903.322.671-11,Motocicleta,1227463.08
623.385.510-43,Título do tesouro,895480.31
664.685.480-84,Motocicleta,1076520.16
576.277.792-97,Investimento em banco,1345729.02
762.808.354-53,Ouro em barras,1444174.18
477.529.184-68,Saldo em conta corrente,1401972.86
311.834.422-53,Trator,1778510.0
109.342.464-89,Trator,1135687.15
500.636.110-03,Automóvel,1240231.94
096.277.870-14,Trator,690637.18
657.742.923-31,Saldo em conta corrente,843464.31
330.646.051-09,Chácara,427428.55
735.868.805-45,Jóias,1492917.75
392.207.793-95,Título do tesouro,433281.03
404.229.107-59,Apartamento,930373.36
057.722.758-50,Saldo em conta corrente,704013.16
648.665.802-84,Motocicleta,687557.25
461.621.682-74,Jóias,846526.54
908.318.178-60,Ouro em barras,678788.52
414.457.929-50,Saldo em conta corrente,401126.5
680.935.479-85,Saldo em conta corrente,1634860.46
877.133.461-26,Casa,1362937.8
678.395.049-26,Saldo em conta corrente,1226279.9
291.801.317-27,Casa,839821.0
408.499.591-42,Ouro em barras,1099655.62
949.306.071-51,Ouro em barras,1629776.3
364.683.885-21,Fazenda,1562998.27
750.605.940-78,Chácara,83761.62
532.906.761-44,Apartamento,73975.66
857.887.955-21,Chácara,1187842.62
267.427.130-17,Trator,324123.43
452.022.590-27,Casa,1254619.93
810.922.572-06,Motocicleta,535688.19
237.010.292-34,Chácara,1682697.94
242.475.185-94,Apartamento,1454249.89
121.080.249-68,Casa,1738986.57
449.246.914-52,Apartamento,381138.09
042.113.505-44,Chácara,928845.13
756.596.008-62,Saldo em conta corrente,1429719.65
922.760.496-41,Fazenda,1437045.0
282.072.803-45,Investimento em banco,950127.84
666.947.261-06,Ouro em barras,712814.61
736.617.354-15,Apartamento,1600332.99
342.968.403-30,Chácara,389338.64
279.660.625-70,Automóvel,570640.0
021.527.100-89,Apartamento,137625.0
835.658.304-04,Saldo em conta corrente,1313544.36
101.850.275-20,Título do tesouro,586392.99
062.661.780-26,Investimento em banco,1432552.88
038.177.362-15,Saldo em conta corrente,1723379.64
546.366.064-42,Título do tesouro,1537684.0
717.833.325-00,Trator,738495.53
246.057.258-73,Saldo em conta corrente,763685.32
492.689.798-74,Fazenda,845982.1
637.613.579-53,Motocicleta,1131416.65
533.107.591-37,Motocicleta,510469.14
995.967.996-87,Motocicleta,322234.43
388.857.897-69,Investimento em banco,1616045.98
457.480.068-87,Chácara,183035.0
055.136.881-76,Ouro em barras,391322.52
958.741.903-91,Trator,1665939.43
941.829.753-24,Fazenda,617319.53
753.532.104-12,Título do tesouro,327905.88
607.169.613-38,Fazenda,702063.91
984.388.713-86,Automóvel,324244.52
668.564.842-29,Chácara,762076.0
683.820.921-53,Investimento em banco,84786.62
910.701.485-56,Sítio,28786.12
084.474.710-66,Jóias,758509.51
506.796.634-54,Jóias,1128473.0
319.017.640-00,Jóias,1597275.07
837.000.289-99,Título do tesouro,1720795.6
086.260.700-91,Automóvel,801953.74
058.084.247-67,Saldo em conta corrente,1442514.13
032.161.076-13,Sítio,1312171.54
240.348.765-68,Jóias,1054328.66
854.935.579-48,Jóias,1429786.83
873.861.213-20,Motocicleta,952373.0
778.252.994-47,Título do tesouro,283624.97
353.798.412-28,Ouro em barras,813776.7
054.728.801-69,Apartamento,1252492.0
942.628.366-38,Fazenda,1358702.02
087.352.206-13,Motocicleta,1338927.91
213.573.634-62,Investimento em banco,168862.84
832.371.904-70,Apartamento,1392549.74
140.077.815-99,Título do tesouro,287675.0
592.259.062-05,Investimento em banco,128401.57
265.040.579-80,Fazenda,467075.96
281.477.097-06,Jóias,450704.99
445.920.085-99,Saldo em conta corrente,399180.25
411.716.016-00,Automóvel,1458396.03
916.959.760-35,Jóias,1141361.4
780.127.322-22,Investimento em banco,230424.44
555.194.540-74,Ouro em barras,846922.24
696.056.867-23,Motocicleta,1213842.42
652.048.206-99,Ouro em barras,1178682.0
611.781.799-30,Sítio,741542.07
607.811.661-58,Automóvel,534281.69
449.073.163-53,Casa,824993.52
499.529.279-44,Título do tesouro,103742.32
193.772.439-97,Título do tesouro,301564.04
872.578.986-75,Apartamento,458944.07
889.565.502-06,Chácara,1779512.64
302.890.161-65,Jóias,956486.61
725.996.323-49,Investimento em banco,833385.5
114.193.728-09,Automóvel,1778061.56
241.228.772-88,Título do tesouro,1232578.25
960.086.760-79,Chácara,1754656.0
868.307.677-15,Motocicleta,1404353.35
688.447.937-79,Saldo em conta corrente,993944.0
697.958.210-67,Trator,48749.59
563.423.554-96,Investimento em banco,1792775.37
487.380.693-09,Fazenda,1281297.73
919.078.463-05,Investimento em banco,1058594.11
382.705.229-19,Jóias,519186.41
688.252.360-96,Investimento em banco,161308.83
984.036.392-31,Motocicleta,695898.65
760.839.061-72,Título do tesouro,1475973.26
107.394.826-08,Título do tesouro,348802.71
393.560.715-50,Fazenda,1570846.22
813.038.686-42,Trator,1698503.82
113.977.201-50,Investimento em banco,404032.63
758.912.749-36,Motocicleta,176352.55
413.139.909-83,Chácara,1569468.19
741.099.034-72,Jóias,137446.92
377.854.638-25,Automóvel,499815.76
413.259.628-81,Investimento em banco,1447127.59
925.076.924-29,Trator,571269.95
168.722.549-90,Automóvel,1596608.32
056.555.905-17,Sítio,1168503.68
901.252.913-06,Motocicleta,451092.54
058.255.451-55,Chácara,1648830.66
199.806.320-04,Fazenda,1110757.0
597.670.462-50,Jóias,153004.86
970.112.239-68,Investimento em banco,691328.99
343.449.173-07,Trator,545761.1
353.240.822-41,Trator,1359498.23
813.376.543-13,Saldo em conta corrente,511324.9
778.713.212-08,Chácara,1549694.17
464.947.996-42,Sítio,1637373.84
531.814.725-80,Trator,272534.74
378.872.466-81,Chácara,1324600.0
966.444.304-37,Motocicleta,262354.07
794.868.075-67,Saldo em conta corrente,262343.17
877.707.850-05,Fazenda,1439223.47
905.706.255-58,Casa,1015803.4
620.720.996-76,Motocicleta,903177.3
513.843.761-96,Investimento em banco,31117.57
294.723.312-91,Investimento em banco,3874.77
043.200.027-37,Sítio,713109.39
213.061.288-02,Motocicleta,1276810.88
908.395.616-04,Fazenda,1651068.76
709.128.451-50,Sítio,941003.86
477.787.050-23,Título do tesouro,566006.38
591.224.596-05,Investimento em banco,1185679.95
294.507.439-76,Ouro em barras,1330519.66
581.963.650-31,Motocicleta,652149.65
253.251.074-59,Fazenda,440492.22
341.346.766-53,Automóvel,304432.64
196.506.206-07,Fazenda,1087470.65
276.248.991-66,Jóias,1635986.94
173.732.717-11,Saldo em conta corrente,1330914.89
900.962.402-81,Saldo em conta corrente,1718327.8
537.822.645-14,Chácara,1761364.0
729.733.334-37,Motocicleta,1206521.0
435.588.260-53,Casa,1765202.14
779.605.661-42,Investimento em banco,303693.02
727.486.022-17,Casa,119822.88
477.051.047-03,Casa,63938.13
229.201.732-16,Saldo em conta corrente,1719620.8
549.694.998-54,Fazenda,294921.82
158.878.258-88,Motocicleta,1467764.24
279.021.768-53,Ouro em barras,145165.2
342.493.893-86,Sítio,744595.04
386.858.264-85,Automóvel,570683.77
869.962.176-42,Jóias,444684.5
742.025.528-71,Fazenda,494681.27
946.824.293-39,Apartamento,1044805.2
072.464.881-11,Motocicleta,1735366.06
799.890.544-00,Jóias,213957.82
436.884.070-85,Saldo em conta corrente,196997.21
874.331.389-96,Apartamento,523473.3
164.903.941-94,Apartamento,1238028.37
808.877.321-12,Motocicleta,776135.08
954.773.370-30,Jóias,1191551.0
150.480.620-74,Título do tesouro,1133932.34
545.886.295-46,Apartamento,212692.82
103.298.301-43,Ouro em barras,1327842.47
969.273.932-25,Motocicleta,451580.77
395.318.797-25,Trator,1112800.15
547.762.169-12,Investimento em banco,421493.25
637.968.764-12,Saldo em conta corrente,1593612.0
989.745.785-39,Título do tesouro,388353.07
886.974.026-40,Motocicleta,978647.21
293.003.023-00,Saldo em conta corrente,312105.71
705.057.575-16,Investimento em banco,1040916.98
160.280.478-21,Chácara,1083767.96
633.529.123-44,Casa,1741405.0
276.710.843-25,Ouro em barras,1340278.92
726.795.085-89,Chácara,1385777.9
386.203.595-83,Título do tesouro,1057256.3
743.655.758-82,Jóias,1276723.71
931.591.460-22,Trator,695381.0
312.741.655-13,Chácara,1719139.49
798.625.929-42,Fazenda,893120.88
956.018.460-16,Casa,108386.34
799.368.565-60,Motocicleta,80471.58
418.559.250-48,Título do tesouro,541617.76
527.489.604-51,Chácara,202796.45
898.568.846-27,Título do tesouro,1279440.26
712.728.669-91,Fazenda,1279872.61
579.758.088-23,Chácara,1777263.0
149.778.644-17,Apartamento,134724.44
994.279.758-24,Investimento em banco,254950.6
157.253.336-93,Trator,305473.11
847.874.314-58,Título do tesouro,616638.94
429.799.392-32,Jóias,904836.18
067.461.434-23,Saldo em conta corrente,361820.66
475.324.166-56,Saldo em conta corrente,704576.08
529.950.192-38,Motocicleta,480097.01
451.315.536-13,Ouro em barras,1672030.4
773.803.682-83,Sítio,1029427.37
403.626.868-18,Sítio,291929.0
898.942.861-08,Saldo em conta corrente,371998.01
175.155.787-36,Motocicleta,1638479.0
479.612.709-94,Saldo em conta corrente,362377.41
850.884.281-80,Jóias,1479402.67
123.043.713-69,Fazenda,1543306.59
046.570.382-50,Chácara,933991.81
513.727.302-09,Saldo em conta corrente,1588005.15
706.950.050-86,Investimento em banco,1098340.72
461.402.434-88,Chácara,1520228.21
520.339.655-09,Trator,377190.0
324.693.362-44,Automóvel,1546599.75
379.026.173-24,Título do tesouro,1003893.5
211.192.676-42,Título do tesouro,327438.36
736.687.216-20,Fazenda,926014.49
118.039.267-28,Chácara,1437676.0
266.086.631-57,Motocicleta,1177096.95
625.354.624-17,Jóias,117129.24
965.326.589-20,Investimento em banco,719565.45
597.805.665-30,Ouro em barras,1220584.65
534.495.734-51,Automóvel,1524442.5
523.211.765-98,Título do tesouro,951656.21
997.798.167-03,Fazenda,1686537.26
171.144.799-46,Saldo em conta corrente,966656.4
499.726.383-05,Sítio,1079610.61
075.524.835-37,Ouro em barras,813358.05
950.413.921-70,Apartamento,819440.0
810.097.588-62,Investimento em banco,953391.93
608.414.585-81,Investimento em banco,1163696.02
703.473.816-26,Motocicleta,279928.73
535.463.169-39,Trator,208015.94
551.603.913-46,Trator,716872.28
700.744.184-03,Saldo em conta corrente,421821.37
418.116.498-13,Sítio,1735143.67
776.488.886-05,Fazenda,1263567.9
503.608.864-62,Título do tesouro,554911.27
465.433.028-29,Sítio,1316392.0
345.660.066-04,Sítio,1025388.99
350.573.564-93,Saldo em conta corrente,1617656.47
044.057.034-30,Saldo em conta corrente,669116.44
697.001.851-06,Trator,77640.04
198.598.113-16,Sítio,1176289.0
231.797.974-90,Chácara,849541.1
376.336.902-74,Ouro em barras,152242.67
383.212.137-49,Trator,1324247.34
539.385.037-93,Chácara,1516224.65
672.032.211-86,Chácara,276490.65
839.310.080-66,Automóvel,704363.75
413.115.694-55,Trator,1298541.44
703.201.314-39,Título do tesouro,1588986.77
746.278.624-49,Ouro em barras,1299422.14
386.537.642-29,Casa,201841.64
428.758.224-25,Título do tesouro,1533635.59
773.816.228-62,Chácara,1151547.0
030.249.632-28,Título do tesouro,1187241.9
014.863.821-44,Jóias,696739.17
427.578.596-45,Sítio,265983.0
612.155.995-82,Jóias,83826.55
458.338.410-38,Jóias,1231700.84
261.679.521-24,Motocicleta,564762.01
412.883.790-11,Fazenda,886128.87
272.031.120-20,Motocicleta,1512709.78
414.132.486-69,Fazenda,150977.1
